Workbook

Sheet Project Dashboard
A1: CAMINNA CRM
A2: Project Control Dashboard
A3: Reporting Date | B3: 46318
A5: Next Milestone | C5: Milestones Completed | E5: Critical Risks
A6: =_xlfn.XLOOKUP(FALSE, Timeline!D14:D19, Timeline!A14:A19, "All Completed") -> MVP Backlog | C6: =IFERROR(COUNTIF(Timeline!D14:'Timeline'!D19,TRUE)/COUNTA(Timeline!D14:D19),0) -> 0.33333333 | E6: =COUNTIF('Risk Register'!I2:I5,"Critical") -> 1
A20: Project Timeline
A21: Current Phase | B21: =_xlfn.XLOOKUP(FALSE, Timeline!G2:G6, Timeline!A2:A6, "Proyecto Finalizado") -> Phase 2 | C21: Next Phase | D21: {=INDEX(Timeline!A2:A6, MATCH(FALSE, Timeline!G2:G6, 0) + 1)} -> Phase 3
A22: Current Phase Name | B22: =_xlfn.XLOOKUP(FALSE, Timeline!G2:G6, Timeline!B2:B6, "Proyecto Finalizado") -> Product Discovery and Backlog | C22: Next Phase Name | D22: {=INDEX(Timeline!B2:B6, MATCH(FALSE, Timeline!G2:G6, 0) + 1)} -> CRM Configuration
A23: Objective | B23: =_xlfn.XLOOKUP(FALSE, Timeline!G2:G6, Timeline!C2:C6, "N/A") -> Translate business needs into an actinoable backlog | C23: Objective | D23: {=INDEX(Timeline!C2:C6, MATCH(FALSE, Timeline!G2:G6, 0) + 1)} -> Build the CRM Solution
A24: Key Activities | B24: =_xlfn.XLOOKUP(FALSE, Timeline!G2:G6, Timeline!D2:D6, "N/A") -> User Stories MVP definition | C24: Key Activities | D24: {=INDEX(Timeline!D2:D6, MATCH(FALSE, Timeline!G2:G6, 0) + 1)} -> Salesforce Configuration
A25: Deliverables | B25: =_xlfn.XLOOKUP(FALSE, Timeline!G2:G6, Timeline!E2:E6, "N/A") -> Jira Backlog MVP | C25: Deliverables | D25: {=INDEX(Timeline!E2:E6, MATCH(FALSE, Timeline!G2:G6, 0) + 1)} -> Salesforce CRM prototype
A26: Duration | B26: =_xlfn.XLOOKUP(FALSE, Timeline!G2:G6, Timeline!F2:F6, "N/A") -> 2 days | C26: Duration | D26: {=INDEX(Timeline!F2:F6, MATCH(FALSE, Timeline!G2:G6, 0) + 1)} -> 3 days
A28: Upcomping Tasks
B30: Task | C30: Description
A31: Current Task | B31: {=_xlfn.XLOOKUP(FALSE, _xlfn._xlws.FILTER('Work Planing'!E2:E15, RIGHT('Work Planing'!A2:A15, 2) <> ".0"), _xlfn._xlws.FILTER('Work Planing'!B2:B15, RIGHT('Work Planing'!A2:A15, 2) <> ".0"), "Todas completadas")} -> User Stories | C31: {=_xlfn.XLOOKUP(FALSE, _xlfn._xlws.FILTER('Work Planing'!E2:E15, RIGHT('Work Planing'!A2:A15, 2) <> ".0"), _xlfn._xlws.FILTER('Work Planing'!C2:C15, RIGHT('Work Planing'!A2:A15, 2) <> ".0"), "Todas completadas")} -> Write user stories and acceptance criteria
A32: Next Task | B32: {=INDEX(_xlfn._xlws.FILTER('Work Planing'!B2:B15, RIGHT('Work Planing'!A2:A15, 2) <> ".0"), MATCH(FALSE, _xlfn._xlws.FILTER('Work Planing'!E2:E15, RIGHT('Work Planing'!A2:A15, 2) <> ".0"), 0) + 1)} -> MVP Priorization | C32: {=INDEX(_xlfn._xlws.FILTER('Work Planing'!C2:C15, RIGHT('Work Planing'!A2:A15, 2) <> ".0"), MATCH(FALSE, _xlfn._xlws.FILTER('Work Planing'!E2:E15, RIGHT('Work Planing'!A2:A15, 2) <> ".0"), 0) + 1)} -> Priorize the backlog and define the MVP scope
A33: Nexts Tasks | B33: {=INDEX(_xlfn._xlws.FILTER('Work Planing'!B2:B15, RIGHT('Work Planing'!A2:A15, 2) <> ".0"), MATCH(FALSE, _xlfn._xlws.FILTER('Work Planing'!E2:E15, RIGHT('Work Planing'!A2:A15, 2) <> ".0"), 0) + 2)} -> Data Model Setup | C33: {=INDEX(_xlfn._xlws.FILTER('Work Planing'!C2:C15, RIGHT('Work Planing'!A2:A15, 2) <> ".0"), MATCH(FALSE, _xlfn._xlws.FILTER('Work Planing'!E2:E15, RIGHT('Work Planing'!A2:A15, 2) <> ".0"), 0) + 2)} -> Configure Salesforce objects (accounts, opportunities…)

Sheet Timeline
A1: Phase | B1: Phase Name | C1: Objective | D1: Key Activities | E1: Deliverables | F1: Duration | G1: Completed
A2: Phase 1 | B2: Project Initiation and Planning | C2: Define the project scope | D2: Stakeholder identification Project Charter Requirements | E2: Project Charter Project Planning | F2: 2 days | G2: =AND(D14:D15) -> TRUE
A3: Phase 2 | B3: Product Discovery and Backlog | C3: Translate business needs into an actinoable backlog | D3: User Stories MVP definition | E3: Jira Backlog MVP | F3: 2 days | G3: =AND(D16) -> FALSE
A4: Phase 3 | B4: CRM Configuration | C4: Build the CRM Solution | D4: Salesforce Configuration | E4: Salesforce CRM prototype | F4: 3 days | G4: =AND(D17) -> FALSE
A5: Phase 4 | B5: Testing and Validation | C5: Validate the new requirements | D5: Test Cases UAT | E5: Test Plans UAT Results | F5: 2 day | G5: =AND(D18) -> FALSE
A6: Phase 5 | B6: Project Closure | C6: Evaluate final results and documentation of the project | D6: KPI New discoveries Final documentation | E6: KPI results Final Documentation | F6: 1 day | G6: =AND(D19) -> FALSE
A13: Milestones | B13: Description | C13: Target Date | D13: Completed
A14: Project Charter Approved | B14: Project Scope and objectives approved | C14: Day 1 | D14: TRUE | E14: Percentage Completed | F14: =COUNTIF(Milestones[Completed], TRUE) / ROWS(Milestones[Completed]) -> 0.33333333
A15: Requirements Completed | B15: Requierements and stakeholders need defined | C15: Day 2 | D15: TRUE
A16: MVP Backlog | B16: User stories done and prioritised | C16: Day 4 | D16: FALSE
A17: CRM Prototype | B17: Salesforce CRM configure | C17: Day 7 | D17: FALSE
A18: UAT Completed | B18: CRM tested | C18: Day 9 | D18: FALSE
A19: Project Closure | B19: KPIs and final documentation | C19: Day 10 | D19: FALSE

Sheet Work Planing
A1: Code | B1: Task | C1: Description | D1: Owner | E1: Status
A2: 1.0 | B2: Project Management | C2: Governance, Scope and Risk Management | D2: PM | E2: =AND(E3,E4,E5) -> TRUE
A3: 1.1 | B3: Project Charter | C3: Define and approve he project scope, objectives and main stakeholders | D3: PM | E3: TRUE
A4: 1.2 | B4: Project Schedule | C4: Define the project schedule, phases and milestones | D4: PM | E4: TRUE
A5: 1.3 | B5: Risk Management | C5: Identify risks, assess their impacts and define mitigation plans | D5: PM | E5: TRUE
A6: 2.0 | B6: Product Management | C6: Requirements and Backlog Definition | D6: PO | E6: =AND(E7:E9) -> FALSE
A7: 2.1 | B7: Product Discovery | C7: Identify user profiles and business needs | D7: PO | E7: TRUE
A8: 2.2 | B8: User Stories | C8: Write user stories and acceptance criteria | D8: PO | E8: FALSE
A9: 2.3 | B9: MVP Priorization | C9: Priorize the backlog and define the MVP scope | D9: PO | E9: FALSE
A10: 3.0 | B10: CRM Implementation | C10: Salesforce Prototype Build | D10: Salesforce Consultant | E10: =AND(E11:E13) -> FALSE
A11: 3.1 | B11: Data Model Setup | C11: Configure Salesforce objects (accounts, opportunities…) | D11: Salesforce Consultant | E11: FALSE
A12: 3.2 | B12: Pipeline Stages | C12: Configure sales pipelines stages based on business requirements | D12: Salesforce Consultant + PO | E12: FALSE
A13: 3.3 | B13: Sample Data Load | C13: Load 15-20 fictional records to support CRM testing | D13: Salesforce Consultant | E13: FALSE
A14: 4.0 | B14: Quality Assurance | C14: Testing and Validation | D14: PO + Business Stakeholder | E14: =AND(E15:E16) -> FALSE
A15: 4.1 | B15: User Acceptance Testing Execution | C15: Prepare and execute UAT to validate the CRM solution | D15: PO + Sales Lead | E15: FALSE
A16: 4.2 | B16: KPI Framework | C16: Define metrics to monitor performance | D16: PM + PO | E16: FALSE

Sheet Risk Register
A1: Risk ID | B1: Category | C1: Description | D1: Probability | E1: Impact | F1: Owner | G1: Mitigation Plan | H1: Risk Score | I1: Priority
A2: R01 | B2: Adoption | C2: Sales representatives may continue using Excel instead of the new Salesforce solution beacuse is what they are used to | D2: High | E2: High | F2: PO + Sales Lead | G2: Listen their user experience and provide the correct onboarding to this new platform | H2: =IF(D2="Low",1,IF(D2="Medium",2,IF(D2="High",3,0)))*IF(E2="Low",1,IF(E2="Medium",2,IF(E2="High",3,0))) -> 9 | I2: =IF(H2=9,"Critical",IF(H2>=6,"High",IF(H2>=3,"Medium","Low"))) -> Critical
A3: R02 | B3: Data Quality | C3: Incomplete or duplciarte records from existing spreedsheets may reduce the accuracy of he solution | D3: Medium | E3: High | F3: Salesforce Consultant | G3: Define validation rules and mandatory fields and review the data before testing it | H3: =IF(D3="Low",1,IF(D3="Medium",2,IF(D3="High",3,0)))*IF(E3="Low",1,IF(E3="Medium",2,IF(E3="High",3,0))) -> 6 | I3: =IF(H3=9,"Critical",IF(H3>=6,"High",IF(H3>=3,"Medium","Low"))) -> High
A4: R03 | B4: Scope | C4: Additional automation may expand the initial MVP scope | D4: High | E4: Low | F4: PM + PO | G4: Prioritise requirements, assses change requesta and defer no-essential features | H4: =IF(D4="Low",1,IF(D4="Medium",2,IF(D4="High",3,0)))*IF(E4="Low",1,IF(E4="Medium",2,IF(E4="High",3,0))) -> 3 | I4: =IF(H4=9,"Critical",IF(H4>=6,"High",IF(H4>=3,"Medium","Low"))) -> Medium
A5: R04 | B5: Technical | C5: Limitation of the Salesforce Edition may prevent of the ideal features and pipelines to be implemented | D5: Medium | E5: Medium | F5: Salesforce Consultant | G5: Verify platform capabilities and permissions before starting the implementation | H5: =IF(D5="Low",1,IF(D5="Medium",2,IF(D5="High",3,0)))*IF(E5="Low",1,IF(E5="Medium",2,IF(E5="High",3,0))) -> 4 | I5: =IF(H5=9,"Critical",IF(H5>=6,"High",IF(H5>=3,"Medium","Low"))) -> Medium

Sheet Auxiliar
A1: % Progress
A2: Milestone Status | B2: Count
A3: Completed | B3: =COUNTIF(Milestones[Completed], TRUE) -> 2
A4: Pending | B4: =COUNTIF(Milestones[Completed], FALSE) -> 4
A5: Total | B5: =SUM(B3:B4) -> 6
A7: Risk Priority
A8: Priority | B8: Count
A9: Critical | B9: =COUNTIF(Risk_Register[Priority], "Critical") -> 1
A10: High | B10: =COUNTIF(Risk_Register[Priority], "High") -> 1
A11: Medium | B11: =COUNTIF(Risk_Register[Priority], "Medium") -> 2
A12: Low | B12: =COUNTIF(Risk_Register[Priority], "Low") -> 0
A14: Gannt
A15: Phase Nº | B15: Phase Name | C15: Duration | D15: Start Day | E15: Completed | F15: Done | G15: In Progress | H15: Pending
A16: =Timeline!A2 -> Phase 1 | B16: =Timeline!B2 -> Project Initiation and Planning | C16: =VALUE(LEFT(Timeline!F2, FIND(" ", Timeline!F2)-1)) -> 2 | D16: 0 | E16: =Timeline!G2 -> TRUE | F16: =IF(E16,C16,0) -> 2 | G16: =IF(AND(NOT(E16),COUNTIF(E$16:E16,FALSE)=1),C16,0) -> 0 | H16: =C16-F16-G16 -> 0
A17: =Timeline!A3 -> Phase 2 | B17: =Timeline!B3 -> Product Discovery and Backlog | C17: =VALUE(LEFT(Timeline!F3, FIND(" ", Timeline!F3)-1)) -> 2 | D17: =D16+C16 -> 2 | E17: =Timeline!G3 -> FALSE | F17: =IF(E17,C17,0) -> 0 | G17: =IF(AND(NOT(E17),COUNTIF(E$16:E17,FALSE)=1),C17,0) -> 2 | H17: =C17-F17-G17 -> 0
A18: =Timeline!A4 -> Phase 3 | B18: =Timeline!B4 -> CRM Configuration | C18: =VALUE(LEFT(Timeline!F4, FIND(" ", Timeline!F4)-1)) -> 3 | D18: =D17+C17 -> 4 | E18: =Timeline!G4 -> FALSE | F18: =IF(E18,C18,0) -> 0 | G18: =IF(AND(NOT(E18),COUNTIF(E$16:E18,FALSE)=1),C18,0) -> 0 | H18: =C18-F18-G18 -> 3
A19: =Timeline!A5 -> Phase 4 | B19: =Timeline!B5 -> Testing and Validation | C19: =VALUE(LEFT(Timeline!F5, FIND(" ", Timeline!F5)-1)) -> 2 | D19: =D18+C18 -> 7 | E19: =Timeline!G5 -> FALSE | F19: =IF(E19,C19,0) -> 0 | G19: =IF(AND(NOT(E19),COUNTIF(E$16:E19,FALSE)=1),C19,0) -> 0 | H19: =C19-F19-G19 -> 2
A20: =Timeline!A6 -> Phase 5 | B20: =Timeline!B6 -> Project Closure | C20: =VALUE(LEFT(Timeline!F6, FIND(" ", Timeline!F6)-1)) -> 1 | D20: =D19+C19 -> 9 | E20: =Timeline!G6 -> FALSE | F20: =IF(E20,C20,0) -> 0 | G20: =IF(AND(NOT(E20),COUNTIF(E$16:E20,FALSE)=1),C20,0) -> 0 | H20: =C20-F20-G20 -> 1
A24: Tasks Completion
A25: Tasks Metrics | B25: Value
A26: Completed Tasks | B26: =COUNTIFS('Work Planing'!A2:A16, "*.*", 'Work Planing'!E2:E16, TRUE) - COUNTIFS('Work Planing'!A2:A16, "*.0", 'Work Planing'!E2:E16, TRUE) -> 4
A27: Pending Tasks | B27: =COUNTIFS('Work Planing'!A2:A16, "*.*", 'Work Planing'!E2:E16, FALSE) - COUNTIFS('Work Planing'!A2:A16, "*.0", 'Work Planing'!E2:E16, FALSE) -> 7
A28: Total Tasks | B28: =SUM(B26:B27) -> 11
A29: Progress | B29: =B26/B28 -> 0.36363636
